City_ID,City,Lat,Lng,Max Temp,Humidity,Cloudiness,Wind Speed,Country,Current Description
0,Hermanus,-34.4187,19.2345,63.81,64,7,10.85,ZA,clear sky
1,Busselton,-33.65,115.3333,65.95,45,3,13.38,AU,clear sky
2,Ketchikan,55.3422,-131.6461,37.38,69,0,0.0,US,clear sky
3,Port Alfred,-33.5906,26.891,68.18,74,91,1.01,ZA,overcast clouds
4,Vaini,-21.2,-175.2,77.16,94,20,3.44,TO,few clouds
5,Montrose,38.4166,-108.2673,37.51,68,0,8.43,US,clear sky
6,Albany,42.6001,-73.9662,36.41,83,32,11.01,US,scattered clouds
7,Khatanga,71.9667,102.5,24.06,91,100,10.49,RU,overcast clouds
8,Kavieng,-2.5744,150.7967,83.71,73,83,13.18,PG,light rain
9,Glendive,47.1053,-104.7125,28.02,73,100,17.27,US,overcast clouds
10,Chuy,-33.6971,-53.4616,61.09,85,69,5.35,UY,broken clouds
11,Tuktoyaktuk,69.4541,-133.0374,-4.23,96,79,7.76,CA,broken clouds
12,Avarua,-21.2078,-159.775,75.25,94,98,2.3,CK,overcast clouds
13,Buchanan,5.8808,-10.0467,75.74,86,100,4.97,LR,light rain
14,Chicama,-7.8447,-79.1469,61.34,87,55,3.98,PE,broken clouds
15,Faanui,-16.4833,-151.75,81.37,72,12,13.47,PF,few clouds
16,Touros,-5.1989,-35.4608,76.44,89,85,4.32,BR,overcast clouds
17,Isangel,-19.55,169.2667,80.85,79,100,1.88,VU,light rain
18,Rawson,-43.3002,-65.1023,51.53,80,2,10.92,AR,clear sky
19,Porto Novo,6.4965,2.6036,80.42,70,99,5.86,BJ,overcast clouds
20,Sananduva,-27.9497,-51.8067,47.07,96,2,3.91,BR,clear sky
21,Norman Wells,65.282,-126.8329,-7.56,71,20,3.44,CA,few clouds
22,Kapaa,22.0752,-159.319,73.72,93,75,17.27,US,broken clouds
23,Willowmore,-33.2926,23.4895,57.13,63,3,1.9,ZA,clear sky
24,Bengkulu,-3.8004,102.2655,84.25,77,60,6.35,ID,broken clouds
25,Mae Sai,20.4335,99.8762,96.66,29,57,3.47,TH,broken clouds
26,Abbeville,50.1,1.8333,53.49,61,16,10.22,FR,few clouds
27,Mehamn,71.0357,27.8492,37.4,92,100,21.05,NO,overcast clouds
28,Praia Da Vitoria,38.7333,-27.0667,57.76,88,40,9.91,PT,scattered clouds
29,Rikitea,-23.1203,-134.9692,78.57,66,12,13.42,PF,few clouds
30,Naryan-Mar,67.6713,53.087,30.11,87,99,13.85,RU,overcast clouds
31,Jamestown,42.097,-79.2353,32.52,74,100,5.01,US,light snow
32,Hobart,-42.8794,147.3294,75.25,44,75,17.27,AU,broken clouds
33,Tokur,53.1333,132.9,28.17,74,100,8.9,RU,overcast clouds
34,Warrington,53.3925,-2.5802,58.44,70,0,5.75,GB,clear sky
35,Punta Arenas,-53.15,-70.9167,46.51,93,100,14.97,CL,overcast clouds
36,Qaanaaq,77.484,-69.3632,-21.28,70,0,8.25,GL,clear sky
37,Butaritari,3.0707,172.7902,82.06,75,100,14.18,KI,overcast clouds
38,Lompoc,34.6391,-120.4579,54.01,88,100,18.01,US,mist
39,San Quintin,30.4833,-115.95,58.33,90,0,15.55,MX,clear sky
40,Avera,33.194,-82.5271,65.71,98,100,3.91,US,overcast clouds
41,Mondlo,-27.983,30.7177,53.38,93,100,5.53,ZA,light rain
42,Puerto Ayora,-0.7393,-90.3518,74.53,93,67,5.3,EC,broken clouds
43,Carnarvon,-24.8667,113.6333,73.47,78,75,17.27,AU,broken clouds
44,Hilo,19.7297,-155.09,71.28,91,75,11.01,US,light rain
45,Colares,38.7992,-9.4469,58.33,73,20,24.0,PT,few clouds
46,Grand Forks,47.9417,-97.4337,8.33,92,40,0.0,US,scattered clouds
47,Waitati,-45.75,170.5667,54.81,77,98,9.82,NZ,overcast clouds
48,Tiksi,71.6872,128.8694,6.39,94,6,5.91,RU,clear sky
49,Mar Del Plata,-38.0023,-57.5575,56.88,90,100,4.61,AR,overcast clouds
50,Kinsale,51.7075,-8.5306,51.24,100,100,6.91,IE,moderate rain
51,Mamontovo,52.7055,81.6244,68.65,16,100,11.65,RU,overcast clouds
52,Shubarshi,48.5872,57.1869,60.46,43,73,3.53,KZ,broken clouds
53,Cape Town,-33.9258,18.4232,67.91,58,0,7.0,ZA,clear sky
54,Georgetown,5.4112,100.3354,91.33,70,20,13.0,MY,few clouds
55,Revelstoke,50.9832,-118.2023,35.62,51,100,2.3,CA,overcast clouds
56,Severo-Kurilsk,50.6789,156.125,30.47,77,82,15.97,RU,broken clouds
57,Thompson,55.7435,-97.8558,15.96,62,75,4.61,CA,broken clouds
58,Sibolga,1.7427,98.7792,84.87,76,99,3.44,ID,overcast clouds
59,Gasa,31.5,34.4667,91.89,17,6,8.86,PS,clear sky
60,Ucluelet,48.9329,-125.5528,37.09,87,32,4.05,CA,scattered clouds
61,Tel Aviv-Yafo,32.0805,34.7805,86.38,22,0,2.3,IL,clear sky
62,Saint-Philippe,-21.3585,55.7679,84.22,81,36,10.76,RE,scattered clouds
63,Kodiak,57.79,-152.4072,38.71,81,100,10.36,US,overcast clouds
64,Ilo,-17.6394,-71.3375,64.85,82,100,7.09,PE,overcast clouds
65,Makakilo City,21.3469,-158.0858,73.72,73,0,17.27,US,clear sky
66,Salalah,17.0151,54.0924,87.89,70,20,13.8,OM,few clouds
67,Beloha,-25.1667,45.05,85.95,52,64,8.1,MG,broken clouds
68,Yumen,40.2833,97.2,57.25,15,0,6.82,CN,clear sky
69,Uray,60.1247,64.7758,33.58,72,100,11.68,RU,overcast clouds
70,Ushuaia,-54.8,-68.3,46.06,61,40,6.91,AR,scattered clouds
71,Arraial Do Cabo,-22.9661,-42.0278,71.15,75,2,13.62,BR,clear sky
72,Bluff,-46.6,168.3333,50.81,66,78,2.77,NZ,broken clouds
73,Souillac,-20.5167,57.5167,80.98,83,75,9.22,MU,light rain
74,Castro,-24.7911,-50.0119,49.06,99,57,4.63,BR,broken clouds
75,Esperance,-33.8667,121.9,58.84,64,100,13.35,AU,overcast clouds
76,Ust-Maya,60.4167,134.5333,32.11,84,100,1.63,RU,light snow
77,Pangnirtung,66.1451,-65.7125,8.01,97,100,1.57,CA,light snow
78,Upernavik,72.7868,-56.1549,-21.89,99,100,8.37,GL,overcast clouds
79,Smirnykh,49.75,142.8333,31.15,94,99,9.51,RU,light snow
80,Tual,-5.6667,132.75,84.76,67,100,4.32,ID,light rain
81,Kangundo,-1.2979,37.3471,75.54,45,74,4.21,KE,broken clouds
82,Tautira,-17.7333,-149.15,80.06,75,0,11.7,PF,light rain
83,Barrow,71.2906,-156.7887,1.42,85,0,12.66,US,clear sky
84,Staritsa,56.5075,34.9354,38.19,53,6,13.91,RU,clear sky
85,Bambous Virieux,-20.3428,57.7575,81.21,83,75,9.22,MU,light rain
86,Mataura,-46.1927,168.8643,50.49,86,100,2.19,NZ,overcast clouds
87,Lebu,-37.6167,-73.65,52.18,94,3,6.13,CL,clear sky
88,Kowary,50.7931,15.8356,45.86,52,100,6.42,PL,overcast clouds
89,Vao,-22.6667,167.4833,77.27,68,0,3.8,NC,clear sky
90,Lukulu,-14.3707,23.242,74.01,73,94,9.75,ZM,overcast clouds
91,Byron Bay,-28.65,153.6167,71.49,74,14,9.71,AU,few clouds
92,Sao Felix Do Xingu,-6.6447,-51.995,70.88,99,100,1.5,BR,light rain
93,Narsaq,60.9167,-46.05,32.22,84,99,1.32,GL,overcast clouds
94,Shelburne,44.0787,-80.2041,28.85,89,100,12.33,CA,overcast clouds
95,Grimshaw,56.1834,-117.6027,30.15,68,100,11.5,CA,overcast clouds
96,Suez,29.9737,32.5263,89.67,11,5,12.03,EG,clear sky
97,Petropavlovsk-Kamchatskiy,53.0452,158.6483,34.39,60,0,11.18,RU,clear sky
98,Amberley,39.2048,-84.428,39.31,68,0,3.44,US,clear sky
99,Luanda,-8.8368,13.2343,78.8,83,75,8.05,AO,broken clouds
100,Varnsdorf,50.9115,14.6182,43.57,67,100,6.87,CZ,overcast clouds
101,Qaqortoq,60.7167,-46.0333,26.33,89,100,1.63,GL,overcast clouds
102,Floro,61.5996,5.0328,48.96,71,100,11.5,NO,overcast clouds
103,Horconcitos,8.4682,-81.8007,66.22,90,100,4.68,PA,overcast clouds
104,Cherskiy,68.75,161.3,8.87,96,94,7.58,RU,overcast clouds
105,Gaozhou,21.9392,110.8461,75.06,71,100,7.49,CN,overcast clouds
106,Gualaceo,-2.9,-78.7833,58.66,94,89,1.39,EC,overcast clouds
107,Chengde,40.9725,117.9361,70.66,12,100,7.05,CN,overcast clouds
108,Constitucion,-35.3333,-72.4167,52.95,73,0,2.26,CL,clear sky
109,Kawai,34.2333,135.85,63.82,79,96,2.06,JP,overcast clouds
110,Nakamura,32.9833,132.9333,65.59,54,0,3.6,JP,clear sky
111,Mongagua,-24.0931,-46.6208,67.66,83,100,3.24,BR,overcast clouds
112,Bologoye,57.8799,34.1068,38.12,62,11,7.54,RU,few clouds
113,Wuwei,37.9281,102.6414,56.61,17,5,27.45,CN,clear sky
114,Ostrovnoy,68.0531,39.5131,34.88,99,100,25.75,RU,light snow
115,Liverpool,53.4106,-2.9779,58.28,75,0,7.0,GB,clear sky
116,Camana,-16.6228,-72.7111,66.65,82,100,8.7,PE,overcast clouds
117,Provideniya,64.3833,-173.3,30.72,96,100,13.31,RU,light snow
118,Bhadrachalam,17.6667,80.8833,106.9,24,74,2.95,IN,broken clouds
119,Anchorage,61.2181,-149.9003,39.52,68,100,4.61,US,overcast clouds
120,Iskateley,67.6803,53.1512,29.98,87,98,13.82,RU,overcast clouds
121,Mahebourg,-20.4081,57.7,82.26,83,75,9.22,MU,broken clouds
122,Ereymentau,51.6199,73.1033,67.42,37,63,11.1,KZ,broken clouds
123,Luderitz,-26.6481,15.1594,74.28,48,0,7.07,NA,clear sky
124,Lorengau,-2.0226,147.2712,81.93,80,19,6.87,PG,few clouds
125,Portland,45.5234,-122.6762,41.58,85,12,2.71,US,few clouds
126,Atuona,-9.8,-139.0333,79.3,79,90,18.21,PF,light rain
127,Nikolskoye,59.7035,30.7861,45.81,51,52,3.22,RU,broken clouds
128,Abu Dhabi,24.4667,54.3667,95.11,28,5,8.05,AE,clear sky
129,Hithadhoo,-0.6,73.0833,83.61,67,100,6.15,MV,overcast clouds
130,Cidreira,-30.1811,-50.2056,65.03,73,75,6.96,BR,broken clouds
131,Vryburg,-26.9566,24.7284,62.82,80,88,14.38,ZA,light rain
132,Hasaki,35.7333,140.8333,61.29,65,100,10.51,JP,overcast clouds
133,Cosamaloapan,18.3667,-95.8,74.73,96,44,2.01,MX,scattered clouds
134,Bethel,41.3712,-73.414,41.49,92,0,1.01,US,clear sky
135,Manokwari,-0.8667,134.0833,83.01,73,8,4.16,ID,clear sky
136,Belyy Yar,53.6039,91.3903,76.89,14,0,6.71,RU,clear sky
137,Launceston,-41.45,147.1667,68.61,60,100,14.97,AU,overcast clouds
138,Pochutla,15.7432,-96.4661,77.83,68,8,2.19,MX,clear sky
139,Riyadh,24.6877,46.7219,82.54,13,0,11.1,SA,clear sky
140,Yanam,16.7333,82.2167,96.94,41,24,10.94,IN,few clouds
141,Jiazi,22.8779,116.067,70.43,66,98,15.93,CN,overcast clouds
142,Caravelas,-17.7125,-39.2481,74.26,82,100,10.92,BR,overcast clouds
143,Ihosy,-22.4,46.1167,77.92,58,17,8.66,MG,few clouds
144,East London,-33.0153,27.9116,65.34,77,0,4.61,ZA,clear sky
145,Tabou,4.423,-7.3528,76.17,85,100,6.35,CI,overcast clouds
146,Baykit,61.67,96.37,41.94,100,100,8.99,RU,overcast clouds
147,Airai,-8.9266,125.4092,64.69,94,100,2.17,TL,heavy intensity rain
148,Salur,18.5333,83.2167,106.14,18,82,9.24,IN,broken clouds
149,Madera,37.1666,-119.8343,55.49,85,28,5.23,US,scattered clouds
150,Sosnovo-Ozerskoye,52.5249,111.5418,47.41,53,100,15.79,RU,overcast clouds
151,Tigil,57.8,158.6667,23.77,91,100,6.29,RU,overcast clouds
152,Asau,46.4333,26.4,38.32,69,100,9.75,RO,overcast clouds
153,Burns Lake,54.2331,-125.7533,22.42,95,93,2.46,CA,overcast clouds
154,Kavaratti,10.5669,72.642,84.43,71,47,5.39,IN,scattered clouds
155,Pointe Michel,15.25,-61.3833,77.56,77,45,17.2,DM,scattered clouds
156,Umm Kaddadah,13.6017,26.6876,92.75,20,60,7.92,SD,broken clouds
157,Hamilton,39.1834,-84.5333,39.99,69,0,3.44,US,clear sky
158,Dunedin,-45.8742,170.5036,54.81,77,99,8.01,NZ,overcast clouds
159,Birao,10.2849,22.7882,96.4,28,9,8.14,CF,clear sky
160,Cayenne,4.9333,-52.3333,80.1,1,75,4.61,GF,broken clouds
161,Pilar,-9.5972,-35.9567,75.13,97,31,3.38,BR,scattered clouds
162,Longyearbyen,78.2186,15.6401,21.04,73,75,3.44,SJ,broken clouds
163,Senanga,-16.1167,23.2667,74.86,75,80,7.4,ZM,moderate rain
164,Alghero,40.5589,8.3181,62.69,36,0,16.11,IT,clear sky
165,Adrar,20.5022,-10.0711,75.96,14,2,15.3,MR,clear sky
166,Broome,42.2506,-75.833,32.7,68,0,12.66,US,clear sky
167,Berlevag,70.8578,29.0864,37.2,91,100,22.75,NO,overcast clouds
168,San Patricio,28.017,-97.5169,75.18,97,66,5.93,US,broken clouds
169,Dikson,73.5069,80.5464,10.87,85,100,16.98,RU,overcast clouds
170,Ammokhorion,40.7833,21.4833,43.95,94,100,7.4,GR,light rain
171,Tasiilaq,65.6145,-37.6368,34.5,99,100,1.74,GL,light snow
172,Vardo,70.3705,31.1107,38.01,86,100,22.93,NO,overcast clouds
173,Pierre,44.3683,-100.351,36.05,48,20,21.99,US,few clouds
174,Winnemucca,40.973,-117.7357,39.25,48,0,8.05,US,clear sky
175,Leningradskiy,69.3833,178.4167,5.61,98,99,5.01,RU,overcast clouds
176,Ribeira Grande,38.5167,-28.7,57.6,77,20,9.22,PT,few clouds
177,Viljoenskroon,-27.2084,26.9485,54.59,94,100,3.22,ZA,heavy intensity rain
178,Plavinas,56.6178,25.7255,42.67,44,18,7.99,LV,few clouds
179,Yulara,-25.2406,130.9889,89.44,19,3,11.5,AU,clear sky
180,Topchanchi,23.9,86.2,107.71,6,7,7.07,IN,clear sky
181,Togur,58.3631,82.8265,50.18,73,65,11.97,RU,broken clouds
182,Anadyr,64.75,177.4833,34.3,75,20,17.9,RU,few clouds
183,Vestmannaeyjar,63.4427,-20.2734,44.4,88,100,14.41,IS,light rain
184,Karratha,-20.7377,116.8463,93.34,28,57,10.56,AU,broken clouds
185,Peniche,39.3558,-9.3811,58.28,84,100,16.44,PT,overcast clouds
186,Lima,-12.0432,-77.0282,61.05,82,0,4.61,PE,clear sky
187,Akyab,20.15,92.9,87.67,63,1,11.43,MM,clear sky
188,Ayan,56.45,138.1667,28.36,77,71,2.62,RU,broken clouds
189,Watertown,42.3709,-71.1828,43.29,91,20,7.0,US,few clouds
190,Bredasdorp,-34.5322,20.0403,63.73,59,2,7.72,ZA,clear sky
191,Miri,4.4148,114.0089,91.54,66,20,9.22,MY,few clouds
192,Lavrentiya,65.5833,-171.0,28.58,97,100,10.87,RU,light snow
193,Manzhouli,49.6,117.4333,48.07,19,20,16.53,CN,few clouds
194,Calvinia,-31.4707,19.776,62.42,51,0,13.8,ZA,clear sky
195,Abha,18.2164,42.5053,78.62,14,3,6.91,SA,clear sky
196,Port Elizabeth,-33.918,25.5701,63.32,95,75,9.22,ZA,broken clouds
197,Pundaguitan,6.3711,126.1689,82.96,72,95,6.91,PH,overcast clouds
198,Puerto Del Rosario,28.5004,-13.8627,73.15,49,0,8.05,ES,clear sky
199,Erzin,36.9559,36.2,75.02,33,4,1.86,TR,clear sky
200,New Norfolk,-42.7826,147.0587,73.92,39,100,5.99,AU,overcast clouds
201,Cairns,-16.9167,145.7667,76.95,83,75,1.14,AU,broken clouds
202,Mogadishu,2.0371,45.3438,89.47,74,40,11.5,SO,scattered clouds
203,Araouane,18.9048,-3.5265,74.43,21,0,13.71,ML,clear sky
204,Port Keats,-14.25,129.55,86.56,62,28,8.48,AU,scattered clouds
205,Victoria,22.2855,114.1577,78.19,73,97,11.99,HK,overcast clouds
206,Miranda,3.2499,-76.2281,64.53,91,100,3.42,CO,overcast clouds
207,Torbay,47.6666,-52.7314,45.37,61,40,19.57,CA,scattered clouds
208,Tari,12.4086,4.4914,89.98,27,37,5.99,NG,scattered clouds
209,Kungur,57.4368,56.9593,36.32,62,99,0.31,RU,overcast clouds
210,Kaitangata,-46.2817,169.8464,48.99,89,100,7.29,NZ,overcast clouds
211,Yellowknife,62.456,-114.3525,0.12,71,20,5.75,CA,few clouds
212,Adamov,49.3016,16.6525,48.27,44,20,10.36,CZ,few clouds
213,Karema,-6.8205,30.4389,77.74,69,68,7.74,TZ,broken clouds
214,Nowy Tomysl,52.3195,16.1284,46.26,47,99,4.76,PL,overcast clouds
215,High Level,58.5169,-117.136,14.11,79,100,14.97,CA,light snow
216,Batagay-Alyta,67.8006,130.4114,18.72,81,75,5.84,RU,broken clouds
217,Sioux Lookout,50.1001,-91.917,8.67,92,40,0.0,CA,scattered clouds
218,Zabol,32.25,67.25,79.48,15,100,15.99,AF,overcast clouds
219,Bolshoye Selo,57.7177,38.9334,39.18,49,6,10.42,RU,clear sky
220,Guane,22.2025,-84.0875,71.55,90,0,4.92,CU,clear sky
221,Toguchin,55.2353,84.3858,57.22,63,100,8.77,RU,overcast clouds
222,Shetpe,44.1667,52.1167,67.75,27,70,9.19,KZ,broken clouds
223,Flin Flon,54.7682,-101.865,18.36,91,100,3.18,CA,overcast clouds
224,Montague,42.5356,-72.5351,39.29,95,1,7.61,US,clear sky
225,Meulaboh,4.1363,96.1285,85.14,71,52,8.05,ID,broken clouds
226,Loa Janan,-0.583,117.095,89.2,57,80,1.68,ID,broken clouds
227,Saskylakh,71.9167,114.0833,26.73,93,100,20.07,RU,overcast clouds
228,Pavlovsk,50.4578,40.1081,53.89,75,99,11.23,RU,overcast clouds
229,Husavik,66.0449,-17.3389,41.4,85,62,10.8,IS,broken clouds
230,Daru,-9.0763,143.2092,81.7,81,95,8.57,PG,overcast clouds
231,Acurenam,1.0322,10.6488,76.32,83,94,0.49,GQ,overcast clouds
232,San Policarpo,12.1791,125.5072,83.1,71,42,9.42,PH,scattered clouds
233,Tonota,-21.4833,27.4833,60.78,94,100,10.85,BW,overcast clouds
234,Dingle,10.9995,122.6711,85.5,67,58,11.12,PH,broken clouds
235,Swan River,52.1058,-101.2676,13.89,85,100,1.14,CA,overcast clouds
236,Dongsheng,39.8161,109.9776,51.82,26,82,17.45,CN,broken clouds
237,Chokurdakh,70.6333,147.9167,3.16,95,16,5.01,RU,few clouds
238,Amazar,53.858,120.875,39.76,28,68,5.12,RU,broken clouds
239,Mount Gambier,-37.8333,140.7667,60.71,94,100,8.05,AU,light intensity shower rain
240,Srednekolymsk,67.45,153.6833,16.9,91,100,6.93,RU,overcast clouds
241,Vanimo,-2.6741,141.3028,82.58,76,36,4.41,PG,scattered clouds
242,Blythe,33.6103,-114.5964,70.03,36,0,1.66,US,clear sky
243,Tuatapere,-46.1333,167.6833,46.89,82,30,2.28,NZ,scattered clouds
244,San Carlos De Bariloche,-41.1456,-71.3082,44.35,65,20,8.05,AR,few clouds
245,Nelson Bay,-32.7167,152.15,72.0,79,50,13.11,AU,scattered clouds
246,Coihaique,-45.5752,-72.0662,33.75,100,0,0.0,CL,clear sky
247,Yaan,7.3833,8.5667,84.52,67,39,7.63,NG,scattered clouds
248,Emerald,-23.5333,148.1667,84.34,24,0,8.05,AU,clear sky
249,Strezhevoy,60.7333,77.5889,28.74,85,100,13.33,RU,overcast clouds
250,Bilma,18.6853,12.9164,88.05,7,42,12.82,NE,scattered clouds
251,Tagusao,9.1924,117.8141,83.68,74,95,8.23,PH,overcast clouds
252,Vaitape,-16.5167,-151.75,81.37,72,13,13.4,PF,few clouds
253,Kualakapuas,-3.0091,114.3876,90.21,55,100,2.77,ID,overcast clouds
254,Tupelo,34.2576,-88.7034,62.89,82,75,5.75,US,broken clouds
255,Pisco,-13.7,-76.2167,62.65,82,0,6.91,PE,clear sky
256,Nancha,47.1333,129.2667,46.8,34,100,8.1,CN,overcast clouds
257,Lasa,46.6166,10.7002,48.69,47,3,5.17,IT,clear sky
258,Saint-Joseph,-21.3667,55.6167,84.2,77,18,10.02,RE,few clouds
259,Cabinda,-5.55,12.2,78.94,89,20,5.75,AO,few clouds
260,Teahupoo,-17.8333,-149.2667,73.36,74,2,12.19,PF,clear sky
261,Norway,45.7869,-87.9037,26.94,69,8,1.99,US,clear sky
262,Petrivka,46.9695,30.9591,45.88,59,100,13.31,UA,overcast clouds
263,Leiyang,26.4024,112.8591,53.15,93,100,4.61,CN,overcast clouds
264,Makat,47.6469,53.3463,64.83,38,21,4.56,KZ,few clouds
265,Yeppoon,-23.1333,150.7333,76.78,70,0,11.27,AU,clear sky
266,Ossora,59.2353,163.0719,20.93,91,13,5.26,RU,few clouds
267,Christchurch,-43.5333,172.6333,57.9,78,75,11.5,NZ,broken clouds
268,Taoudenni,22.6783,-3.9836,74.73,29,0,14.52,ML,clear sky
269,Salinopolis,-0.6136,-47.3561,77.22,87,100,4.52,BR,overcast clouds
270,Lakatoro,-16.0999,167.4164,80.82,79,100,3.47,VU,light rain
271,Harnosand,62.6323,17.9379,46.4,78,39,3.2,SE,scattered clouds
272,Kieta,-6.2167,155.6333,79.36,84,100,1.68,PG,light rain
273,Labuhan,-6.8844,112.2051,85.53,71,67,9.17,ID,broken clouds
274,Ahipara,-35.1667,173.1667,62.94,88,100,16.64,NZ,overcast clouds
275,Lumby,50.2498,-118.969,37.04,60,100,2.3,CA,overcast clouds
276,Lalmohan,22.3384,90.7419,87.21,68,2,18.75,BD,clear sky
277,Perelyub,51.8667,50.3667,58.39,55,100,14.29,RU,overcast clouds
278,Tres Arroyos,-38.3739,-60.2798,52.39,72,85,4.61,AR,overcast clouds
279,Westport,41.1415,-73.3579,43.75,93,47,3.0,US,scattered clouds
280,Asfi,32.2994,-9.2372,66.9,57,100,12.35,MA,overcast clouds
281,Nuevo Progreso,23.1667,-97.95,76.89,71,62,1.01,MX,broken clouds
282,Saint George,37.1041,-113.5841,61.39,36,0,1.01,US,clear sky
283,Fukue,32.6881,128.8419,64.76,63,40,3.44,JP,scattered clouds
284,Tarakan,3.3,117.6333,83.52,72,23,10.25,ID,few clouds
285,Ornskoldsvik,63.2909,18.7153,45.55,76,42,9.22,SE,scattered clouds
286,Parana,-31.732,-60.5238,58.55,97,8,3.11,AR,clear sky
287,Sao Filipe,14.8961,-24.4956,69.87,80,57,5.32,CV,broken clouds
288,Hermiston,45.8404,-119.2895,40.64,78,0,9.22,US,clear sky
289,Porto Walter,-8.2686,-72.7439,69.33,95,0,1.07,BR,clear sky
290,Jumla,29.2747,82.1838,71.62,20,39,9.19,NP,scattered clouds
291,Pevek,69.7008,170.3133,-1.23,98,84,3.78,RU,broken clouds
292,Eyl,7.9803,49.8164,90.36,55,35,12.06,SO,scattered clouds
293,Mollendo,-17.0231,-72.0147,65.3,85,100,8.08,PE,overcast clouds
294,Gazanjyk,39.2446,55.5154,57.36,65,100,5.08,TM,overcast clouds
295,Ca Mau,9.1769,105.15,91.2,48,94,9.95,VN,overcast clouds
296,Biloela,-24.4167,150.5,72.19,54,2,13.44,AU,clear sky
297,Khasan,42.4308,130.6434,50.99,45,86,14.45,RU,overcast clouds
298,Kahului,20.8947,-156.47,75.85,78,33,4.0,US,scattered clouds
299,Trairi,-3.2778,-39.2689,74.88,93,90,3.58,BR,overcast clouds
300,Aleksandrov Gay,50.147,48.5704,63.88,47,100,10.76,RU,overcast clouds
301,Jiuquan,39.7432,98.5174,57.18,16,1,10.67,CN,clear sky
302,Vila Velha,-20.3297,-40.2925,71.55,75,0,5.99,BR,clear sky
303,San Luis,-33.295,-66.3356,56.08,47,2,7.99,AR,clear sky
304,Wad Rawah,15.1603,33.1397,96.37,28,100,14.97,SD,overcast clouds
305,Tudor Vladimirescu,45.5667,27.65,45.27,59,100,20.67,RO,overcast clouds
306,Santarem,-2.4431,-54.7083,75.33,100,75,3.44,BR,broken clouds
307,Santa Ines,-3.6667,-45.38,72.28,99,87,2.37,BR,overcast clouds
308,Ngunguru,-35.6167,174.5,63.19,89,100,28.9,NZ,light rain
309,Cabedelo,-6.9811,-34.8339,77.67,85,98,4.36,BR,overcast clouds
310,Omboue,-1.5746,9.2618,81.36,79,100,4.92,GA,overcast clouds
311,Aloleng,16.1307,119.7824,85.19,65,56,8.39,PH,broken clouds
312,Kikwit,-5.041,18.8162,78.48,77,99,2.51,CD,light rain
313,Manicore,-5.8092,-61.3003,72.16,99,100,0.72,BR,heavy intensity rain
314,Sobolevo,54.4299,31.8996,39.04,50,65,18.81,RU,broken clouds
315,El Puente,13.2833,-87.1167,78.19,73,47,3.04,HN,scattered clouds
316,Cururupu,-1.8283,-44.8683,73.17,98,67,0.16,BR,broken clouds
317,Port Hedland,-20.3167,118.5667,96.85,24,22,17.27,AU,few clouds
318,Sao Joao Batista,-27.2761,-48.8494,64.11,97,0,3.56,BR,clear sky
319,Buraydah,26.326,43.975,81.05,12,0,10.13,SA,clear sky
320,Bograd,54.2344,90.8328,72.75,19,62,9.64,RU,broken clouds
321,Comodoro Rivadavia,-45.8667,-67.5,55.26,58,0,8.05,AR,clear sky
322,Waikuku,-43.3,172.6833,58.01,86,100,13.13,NZ,overcast clouds
323,Todos Santos,23.45,-110.2167,67.55,63,99,4.99,MX,overcast clouds
324,Sakakah,29.9697,40.2064,78.37,12,0,7.72,SA,clear sky
325,Nanortalik,60.1432,-45.2371,29.28,86,100,7.45,GL,overcast clouds
326,Chiang Khong,20.2613,100.4046,95.22,32,85,3.62,TH,overcast clouds
327,Areia Branca,-4.9561,-37.1369,77.31,88,96,6.44,BR,overcast clouds
328,Kot Diji,27.3427,68.7083,100.42,8,6,5.93,PK,clear sky
329,Naze,28.3667,129.4833,68.92,58,59,9.86,JP,broken clouds
330,Deputatskiy,69.3,139.9,14.65,92,100,3.67,RU,overcast clouds
331,Juan Aldama,24.2908,-103.3944,65.14,15,99,6.42,MX,overcast clouds
332,Kruisfontein,-34.0033,24.7314,60.89,63,69,3.85,ZA,broken clouds
333,Klaksvik,62.2266,-6.589,47.32,98,100,15.75,FO,overcast clouds
334,Ancud,-41.8697,-73.8203,48.9,86,50,2.3,CL,scattered clouds
335,Morris,40.8334,-74.5329,42.15,83,0,10.36,US,clear sky
336,Pangody,65.85,74.4859,14.4,79,91,15.35,RU,overcast clouds
337,Mana,5.6592,-53.7767,76.23,88,99,9.69,GF,overcast clouds
338,Mega,4.05,38.3,63.61,78,100,2.42,ET,light rain
339,Safaga,26.7292,33.9365,84.16,33,1,5.03,EG,clear sky
340,Neiafu,-18.65,-173.9833,81.79,76,10,11.92,TO,light rain
341,Entebbe,0.0644,32.4469,77.32,73,40,9.22,UG,scattered clouds
342,Sitka,57.0531,-135.33,36.55,85,100,1.68,US,overcast clouds
343,Ust-Kuyga,70.0167,135.6,18.37,90,99,3.78,RU,overcast clouds
344,Pangai,-19.8,-174.35,81.64,78,62,12.86,TO,broken clouds
345,Roma,43.2128,-75.4557,33.39,76,61,5.99,US,broken clouds
346,Yarim,14.298,44.3779,72.07,18,43,0.65,YE,scattered clouds
347,Temiscaming,46.7212,-79.0971,27.91,93,99,4.61,CA,overcast clouds
348,Chernyshevskiy,63.0128,112.4714,34.32,100,100,9.01,RU,overcast clouds
349,Muros,42.7762,-9.0603,55.69,85,100,7.7,ES,overcast clouds
350,San Andres,12.5847,-81.7006,80.62,83,40,8.05,CO,scattered clouds
351,Bima,-8.4667,118.7167,82.76,86,92,0.56,ID,overcast clouds
352,Clyde River,70.4692,-68.5914,-14.57,76,20,3.44,CA,light snow
353,Lengshuitan,26.4111,111.5956,52.84,89,100,3.94,CN,overcast clouds
354,Sirnak,37.5228,42.4594,60.37,26,1,2.51,TR,clear sky
355,Okhotsk,59.3833,143.3,28.04,81,100,6.58,RU,overcast clouds
356,Rocha,-34.4833,-54.3333,53.38,92,79,0.56,UY,broken clouds
357,Port Lincoln,-34.7333,135.8667,65.05,74,100,9.82,AU,overcast clouds
358,Ponta Do Sol,32.6667,-17.1,68.63,42,100,9.84,PT,overcast clouds
359,Atbasar,51.8,68.3333,56.79,50,93,10.11,KZ,overcast clouds
360,Baruun-Urt,46.6806,113.2792,52.56,20,68,14.0,MN,broken clouds
361,Remedios,22.4947,-79.5458,71.94,84,1,6.58,CU,clear sky
362,Palmer,42.1584,-72.3287,38.66,82,29,7.85,US,scattered clouds
363,Baiyin,36.5583,104.2081,55.76,15,75,23.33,CN,broken clouds
364,Havelock,34.8791,-76.9013,66.18,94,100,7.52,US,overcast clouds
365,Donskoye,45.4552,41.9741,68.85,47,48,6.98,RU,scattered clouds
366,Tirano,46.2154,10.1679,52.18,33,2,3.18,IT,clear sky
367,Kefamenanu,-9.4467,124.4781,77.13,86,100,4.29,ID,moderate rain
368,Faqirwali,29.4663,73.034,106.83,5,93,4.21,PK,overcast clouds
369,Reconquista,-29.15,-59.65,54.21,89,6,3.89,AR,clear sky
370,Port Hardy,50.6996,-127.4199,42.8,86,20,3.44,CA,few clouds
371,Aykhal,66.0,111.5,34.23,99,100,21.21,RU,light snow
372,Ballina,-28.8667,153.5667,71.56,73,40,9.22,AU,scattered clouds
373,Los Llanos De Aridane,28.6585,-17.9182,60.55,82,0,12.66,ES,clear sky
374,Cave Spring,37.2276,-80.0128,60.73,73,66,7.47,US,broken clouds
375,Sisimiut,66.9395,-53.6735,13.1,56,88,4.72,GL,overcast clouds
376,Tiarei,-17.5333,-149.3333,78.82,76,0,12.17,PF,light rain
377,Aberystwyth,52.4155,-4.0829,58.89,75,100,8.93,GB,overcast clouds
378,Las Lomas,8.4333,-82.4,76.08,82,100,2.82,PA,overcast clouds
379,Svobodnyy,51.4,128.1333,46.22,29,90,12.19,RU,overcast clouds
380,Praia,14.9215,-23.5087,68.54,77,40,12.66,CV,scattered clouds
381,Guiong,6.4186,122.0258,83.53,76,100,1.19,PH,overcast clouds
382,Grand Gaube,-20.0064,57.6608,82.38,82,19,11.99,MU,few clouds
383,San Vicente,-26.6167,-54.1333,49.62,94,4,2.26,AR,clear sky
384,Maykor,59.0059,55.88,35.82,61,100,1.43,RU,overcast clouds
385,Loreto,22.2667,-101.9667,64.09,20,47,4.29,MX,scattered clouds
386,Havre-Saint-Pierre,50.2334,-63.5986,32.0,93,100,3.44,CA,overcast clouds
387,Korla,41.7597,86.1469,66.36,8,2,8.86,CN,clear sky
388,Talgar,43.3027,77.2395,73.56,20,75,4.47,KZ,broken clouds
389,Jonkoping,57.7814,14.1562,52.39,76,45,4.61,SE,scattered clouds
390,Kununurra,-15.7667,128.7333,94.98,41,99,6.91,AU,overcast clouds
391,Darhan,49.4867,105.9228,61.0,22,10,7.25,MN,clear sky
392,Mersing,2.4312,103.8405,87.71,74,40,5.75,MY,scattered clouds
393,Aksu,41.1231,80.2644,69.75,10,2,9.1,CN,clear sky
394,Garowe,8.4054,48.4845,90.81,40,16,4.43,SO,few clouds
395,Pushkino,56.0172,37.8667,37.69,51,89,15.93,RU,overcast clouds
396,Itaqui,-29.1253,-56.5531,53.94,89,57,8.43,BR,broken clouds
397,Sao Jose Do Belmonte,-7.8614,-38.7597,70.84,90,100,2.91,BR,overcast clouds
398,Alofi,-19.0595,-169.9187,76.89,94,28,0.0,NU,scattered clouds
399,Gemlik,40.4309,29.1597,58.05,67,100,4.32,TR,overcast clouds
400,Mandalgovi,45.7625,106.2708,50.05,24,9,15.43,MN,clear sky
401,Akdepe,42.0551,59.3788,55.49,51,100,16.37,TM,light rain
402,Micheweni,-4.9667,39.8333,82.45,78,100,13.38,TZ,light rain
403,Katsuura,35.1333,140.3,58.17,66,100,9.98,JP,overcast clouds
404,Codrington,-38.2667,141.9667,63.19,90,100,10.2,AU,moderate rain
405,Raton,36.9034,-104.4391,47.34,33,2,13.98,US,clear sky
406,Cockburn Town,21.4612,-71.1419,77.63,80,100,21.68,TC,overcast clouds
407,Enzan,35.7,138.7333,53.55,92,100,3.51,JP,overcast clouds
408,Shingu,33.7333,135.9833,60.96,84,67,9.48,JP,broken clouds
409,Pauini,-7.7136,-66.9764,71.71,100,100,1.97,BR,overcast clouds
410,Porto Santo,33.072,-16.3415,61.18,88,20,13.8,PT,few clouds
411,Barao De Melgaco,-16.1944,-55.9675,69.46,77,22,4.76,BR,few clouds
412,Gbarnga,6.9956,-9.4722,71.83,98,100,2.51,LR,overcast clouds
413,Edd,13.9297,41.6925,88.41,58,97,10.16,ER,overcast clouds
414,Vila Franca Do Campo,37.7167,-25.4333,59.41,85,73,10.71,PT,broken clouds
415,Nushki,29.5542,66.0215,94.82,8,100,11.01,PK,overcast clouds
416,Kalmunai,7.4167,81.8167,86.68,70,92,10.18,LK,overcast clouds
417,Vidalia,32.2177,-82.4135,66.31,94,40,0.0,US,mist
418,Beringovskiy,63.05,179.3167,30.83,98,100,17.2,RU,light snow
419,Fortuna,40.5982,-124.1573,40.66,94,0,4.61,US,clear sky
420,Tweed,44.4751,-77.3162,31.23,75,94,6.4,CA,overcast clouds
421,Letlhakeng,-24.0944,25.0298,64.31,80,100,12.5,BW,overcast clouds
422,Green River,41.5286,-109.4662,41.99,65,84,5.99,US,broken clouds
423,Port Shepstone,-30.7414,30.455,67.5,75,98,7.94,ZA,overcast clouds
424,Urumqi,43.801,87.6005,70.75,9,0,8.95,CN,clear sky
425,Goderich,43.7501,-81.7165,32.92,69,99,16.11,CA,overcast clouds
426,Mitsamiouli,-11.3847,43.2844,88.09,70,40,6.91,KM,scattered clouds
427,Alpena,45.0617,-83.4327,27.18,75,100,11.5,US,overcast clouds
428,Takoradi,4.8845,-1.7554,77.61,86,100,5.86,GH,light rain
429,Los Cedrales,-25.65,-54.7,59.29,90,16,3.22,PY,few clouds
430,Gushikawa,26.3544,127.8686,70.83,56,31,11.12,JP,scattered clouds
431,Salinas,36.6777,-121.6555,49.41,88,2,0.6,US,clear sky
432,Hualmay,-11.0964,-77.6139,65.19,89,100,6.62,PE,overcast clouds
433,Nara,34.6851,135.8049,70.97,70,76,8.86,JP,broken clouds
434,Bugene,-1.5911,31.1403,70.93,67,100,4.0,TZ,overcast clouds
435,Apolda,51.0167,11.5,47.75,65,46,5.61,DE,scattered clouds
436,Kaniama,-7.5667,24.1833,77.25,71,99,2.73,CD,overcast clouds
437,Komsomolskiy,40.4272,71.7189,83.12,12,86,6.91,UZ,overcast clouds
438,Ilulissat,69.2167,-51.1,-11.24,89,3,3.62,GL,clear sky
439,Iracoubo,5.4802,-53.2011,76.28,88,95,11.34,GF,overcast clouds
440,Nyrob,60.733,56.7202,31.32,75,99,3.87,RU,overcast clouds
441,Shimoda,34.6667,138.95,59.36,78,100,6.89,JP,overcast clouds
442,Kawalu,-7.3817,108.2082,85.55,66,66,2.75,ID,broken clouds
443,Medina,24.4686,39.6142,88.23,8,0,9.22,SA,clear sky
444,Coquimbo,-29.9533,-71.3436,53.33,93,4,5.75,CL,clear sky
445,Nueva Gerona,21.8833,-82.8,78.46,70,0,1.72,CU,clear sky
446,Kaberamaido,1.7389,33.1594,78.42,54,100,5.59,UG,overcast clouds
447,Nuevo Ideal,24.8875,-105.0728,57.02,20,53,5.48,MX,broken clouds
448,Tommot,58.9564,126.2925,35.69,55,98,5.37,RU,overcast clouds
449,Hobyo,5.3505,48.5268,87.8,62,93,8.88,SO,overcast clouds
450,Arlit,18.7369,7.3853,80.53,15,100,10.27,NE,overcast clouds
451,Necochea,-38.5473,-58.7368,54.55,75,51,4.63,AR,broken clouds
452,Kemijarvi,66.7131,27.4306,43.54,76,100,3.18,FI,overcast clouds
453,Roebourne,-20.7833,117.1333,93.83,26,65,11.9,AU,broken clouds
454,Barrhead,55.7992,-4.3929,53.13,81,100,3.44,GB,overcast clouds
455,Usinsk,65.9939,57.5281,28.35,82,100,13.91,RU,overcast clouds
456,Chifeng,42.2683,118.9636,65.5,11,99,10.31,CN,overcast clouds
457,San Rafael,-34.6177,-68.3301,55.89,51,12,3.31,AR,few clouds
458,Carutapera,-1.195,-46.02,75.13,93,97,2.64,BR,overcast clouds
459,Shahrud,36.4182,54.9763,53.76,56,99,13.89,IR,overcast clouds
460,Haines Junction,60.7522,-137.5108,24.75,93,100,4.61,CA,overcast clouds
461,High Prairie,55.4334,-116.4858,26.51,92,100,3.56,CA,light snow
462,Northam,51.0333,-4.2167,56.61,74,100,10.45,GB,overcast clouds
463,Cotonou,6.3654,2.4183,83.98,74,98,8.84,BJ,overcast clouds
464,Guerrero Negro,27.9769,-114.0611,58.8,87,67,14.45,MX,broken clouds
465,Iqaluit,63.7506,-68.5145,-0.31,77,99,23.0,CA,overcast clouds
466,Lubango,-14.9172,13.4925,65.82,81,82,7.56,AO,light rain
467,Saldanha,-33.0117,17.9442,64.47,50,0,6.67,ZA,clear sky
468,Itapora,-22.0799,-54.7874,56.44,90,15,3.67,BR,few clouds
469,Leh,34.1667,77.5833,46.67,23,0,1.59,IN,clear sky
470,Honiara,-9.4333,159.95,78.91,85,88,2.71,SB,moderate rain
471,La Tuque,47.4334,-72.7824,28.65,86,94,1.14,CA,overcast clouds
472,Port Blair,11.6667,92.75,89.64,58,40,9.22,IN,scattered clouds
473,Turkmenabat,39.0733,63.5786,81.45,26,58,10.94,TM,broken clouds
474,Kristinehamn,59.3098,14.1081,45.16,67,62,3.4,SE,broken clouds
475,Ulladulla,-35.35,150.4667,65.77,79,0,12.71,AU,clear sky
476,Killybegs,54.6333,-8.45,51.51,96,100,6.89,IE,moderate rain
477,Jambusar,22.05,72.8,99.61,17,0,11.81,IN,clear sky
478,Goya,-29.14,-59.2626,53.38,90,8,3.4,AR,clear sky
479,Valparaiso,-33.0393,-71.6273,56.48,77,100,2.3,CL,overcast clouds
480,Kwinana,-32.25,115.7667,72.23,50,0,8.99,AU,clear sky
481,Kilindoni,-7.9139,39.6668,81.3,81,100,16.6,TZ,moderate rain
482,Udachnyy,66.4167,112.4,34.65,100,100,16.28,RU,snow
483,Laslea,46.2167,24.65,38.7,96,100,4.27,RO,light rain
484,Ahuimanu,21.4447,-157.8378,74.75,82,30,1.99,US,scattered clouds
485,Nandikotkur,15.8667,78.2667,98.89,25,96,3.71,IN,overcast clouds
486,Loandjili,-4.7561,11.8578,81.25,79,77,5.3,CG,broken clouds
487,Batemans Bay,-35.7167,150.1833,70.11,79,1,11.99,AU,clear sky
488,Poli,-3.3333,36.8,70.41,65,100,5.91,TZ,light rain
489,Mecca,21.4267,39.8261,100.17,11,0,4.36,SA,clear sky
490,Lagoa,39.05,-27.9833,57.51,71,1,12.46,PT,clear sky
491,Sergeyevka,53.88,67.4158,55.89,44,11,8.81,KZ,few clouds
492,Ushtobe,45.2514,77.9838,81.37,10,17,6.02,KZ,few clouds
493,Barranca,-10.75,-77.7667,64.6,89,98,5.5,PE,overcast clouds
494,Mayo,38.8876,-76.5119,53.49,67,40,9.22,US,scattered clouds
495,Brigantine,39.4101,-74.3646,48.0,90,78,9.82,US,broken clouds
496,Matara,5.9485,80.5353,85.23,69,88,8.21,LK,overcast clouds
497,Syracuse,37.0881,15.2792,58.37,67,95,3.49,IT,overcast clouds
498,Falakata,26.5208,89.2055,91.94,50,54,3.13,IN,broken clouds
499,Inhambane,-23.865,35.3833,75.63,85,98,8.66,MZ,moderate rain
500,Staryy Nadym,65.6118,72.6842,18.88,70,45,14.32,RU,scattered clouds
501,Chhatapur,26.2167,87.0167,105.94,12,0,7.85,IN,clear sky
502,Severodvinsk,64.5635,39.8302,39.31,93,100,11.65,RU,overcast clouds
503,Badou,7.5833,0.6,79.59,71,100,0.81,TG,overcast clouds
504,Novoagansk,61.9449,76.6625,24.84,83,100,11.79,RU,overcast clouds
505,Predivinsk,57.0669,93.4378,63.55,54,92,14.47,RU,overcast clouds
506,Puerto Escondido,15.85,-97.0667,79.9,68,12,6.76,MX,few clouds
507,Thinadhoo,0.5333,72.9333,84.16,66,100,8.01,MV,overcast clouds
508,Prince Rupert,54.3161,-130.3201,42.49,80,0,6.91,CA,clear sky
509,Raudeberg,61.9875,5.1352,47.95,65,94,7.78,NO,overcast clouds
510,Flinders,-34.5833,150.8552,69.39,74,0,10.96,AU,clear sky
511,Soure,-0.7167,-48.5233,76.1,89,99,3.13,BR,light rain
512,Coolum Beach,-26.5333,153.1,73.11,79,3,12.39,AU,light rain
513,Moussoro,13.6408,16.4901,96.73,29,96,10.65,TD,overcast clouds
514,Amahai,-3.3333,128.9167,84.51,75,97,2.26,ID,moderate rain
515,The Pas,53.8251,-101.2541,13.8,97,100,4.27,CA,overcast clouds
516,Alenquer,-1.9417,-54.7383,72.61,96,98,2.55,BR,overcast clouds
517,Upata,8.0086,-62.3989,72.37,84,95,7.18,VE,overcast clouds
518,Bilibino,68.0546,166.4372,20.08,94,100,1.7,RU,overcast clouds
519,Khao Yoi,13.2403,99.8243,99.99,42,41,11.48,TH,scattered clouds
520,Maunatlala,-22.597,27.6301,64.35,80,100,9.69,BW,overcast clouds
521,Margate,51.3813,1.3862,56.1,71,96,3.0,GB,overcast clouds
522,Bara,10.3744,10.7288,90.07,41,57,8.05,NG,broken clouds
523,Iralaya,15.0,-83.2333,76.87,69,6,7.43,HN,clear sky
524,Axim,4.8699,-2.2405,78.24,84,95,5.66,GH,light rain
525,Cepu,-7.1475,111.5906,87.66,69,97,6.17,ID,overcast clouds
526,Portobelo,9.55,-79.65,78.96,87,93,7.4,PA,overcast clouds
527,Kapit,2.0167,112.9333,87.26,71,100,1.74,MY,overcast clouds
528,Alberton,46.8168,-64.0654,39.79,93,100,8.25,CA,overcast clouds
529,Huilong,31.8111,121.655,57.96,44,100,8.7,CN,overcast clouds
530,Gagra,43.3283,40.2239,63.52,68,60,3.18,GE,broken clouds
531,Rio Grande,-32.035,-52.0986,54.95,69,92,8.86,BR,overcast clouds
532,Nago,26.5881,127.9761,69.46,51,18,9.8,JP,few clouds
533,Tsogni,-2.7942,10.0988,80.89,80,67,7.76,GA,broken clouds
534,Pacific Grove,36.6177,-121.9166,49.01,90,1,1.99,US,clear sky
535,Hay River,60.8156,-115.7999,8.56,72,100,4.61,CA,light snow
536,Ferrol,43.4832,-8.2369,57.36,84,100,0.65,ES,overcast clouds
537,Mocuba,-16.8392,36.9856,80.17,78,59,4.79,MZ,light rain
538,Vilani,56.5525,26.9245,40.69,51,20,9.26,LV,few clouds
539,Sao Joao Da Barra,-21.6403,-41.0511,64.98,87,0,8.66,BR,clear sky
540,Melo,-32.3667,-54.1833,53.89,91,21,2.55,UY,few clouds
541,Tabuk,17.4189,121.4443,81.77,72,97,9.6,PH,overcast clouds
542,Minas,-34.3759,-55.2377,52.48,92,64,4.25,UY,broken clouds
543,Mbandaka,0.0487,18.2603,82.44,67,90,3.6,CD,overcast clouds
544,Nibbar,36.2941,8.7666,62.51,65,32,11.41,TN,scattered clouds
545,Dicabisagan,17.0818,122.4157,80.71,76,31,9.51,PH,scattered clouds
546,Kalianget,-7.05,113.9333,84.67,74,100,5.86,ID,overcast clouds
547,Sola,-13.8833,167.55,82.47,72,71,7.09,VU,broken clouds
548,Alice Springs,-23.7,133.8833,92.75,16,100,9.22,AU,overcast clouds
549,Lasem,-6.6922,111.4527,86.02,72,32,6.53,ID,scattered clouds
550,Fairbanks,64.8378,-147.7164,9.48,88,19,6.17,US,few clouds
551,Talnakh,69.4865,88.3972,16.74,91,98,16.35,RU,overcast clouds
552,Booue,-0.0921,11.9385,83.41,72,99,2.66,GA,overcast clouds
553,Cortez,37.3489,-108.5859,45.03,55,0,4.61,US,clear sky
554,Ponta Delgada,37.7333,-25.6667,59.72,88,20,13.8,PT,few clouds
555,Fort Frances,48.5999,-93.4003,12.42,92,0,0.0,CA,clear sky
556,Uribia,11.7139,-72.266,79.16,77,100,8.16,CO,overcast clouds
557,Matagami,49.7502,-77.6328,26.17,92,100,10.04,CA,overcast clouds
558,Verkh-Usugli,52.7,115.1667,47.17,40,100,9.4,RU,overcast clouds
559,San Jose De Ocoa,18.55,-70.5,61.9,79,24,3.58,DO,few clouds
560,Broken Hill,-31.95,141.4333,79.95,24,100,7.02,AU,overcast clouds
561,Hami,42.8,93.45,66.69,11,0,4.76,CN,clear sky
562,Aklavik,68.2191,-135.0107,-0.22,86,33,12.17,CA,scattered clouds
563,Mozarlandia,-14.7447,-50.5706,67.33,59,100,6.64,BR,overcast clouds
564,Gat,31.61,34.7642,90.79,11,11,2.13,IL,few clouds
565,Soyo,-6.1349,12.3689,81.1,79,91,5.55,AO,overcast clouds
566,Sonderborg,54.9093,9.8074,52.83,57,6,2.3,DK,clear sky
567,Finnsnes,69.2296,17.9811,39.81,99,100,6.38,NO,overcast clouds
568,Aiquile,-18.2041,-65.1807,51.71,87,100,2.95,BO,overcast clouds
569,Cabo San Lucas,22.8909,-109.9124,69.62,55,94,11.77,MX,overcast clouds
570,Morgan City,29.6994,-91.2068,73.4,100,100,4.61,US,overcast clouds
571,Pontian Kecil,1.4801,103.3899,89.92,73,50,3.33,MY,scattered clouds
572,Half Moon Bay,37.4636,-122.4286,48.78,81,0,0.0,US,clear sky
573,Faya,18.3851,42.4509,81.12,18,2,4.27,SA,clear sky
574,Te Anau,-45.4167,167.7167,46.53,84,7,0.45,NZ,clear sky
575,Nome,64.5011,-165.4064,32.16,74,100,16.11,US,overcast clouds
576,Kontagora,10.3999,5.4695,85.69,51,88,3.8,NG,overcast clouds
577,Indianola,41.3581,-93.5574,36.57,56,100,6.8,US,overcast clouds
578,Bereda,43.2686,-7.5406,52.41,100,100,1.12,ES,overcast clouds
579,Hinton,53.4001,-117.5857,15.17,97,100,2.28,CA,overcast clouds
580,Geraldton,-28.7667,114.6,73.81,49,89,19.57,AU,overcast clouds
581,Shumskiy,54.8318,99.1328,68.25,34,88,7.67,RU,overcast clouds
582,Ha Tinh,18.3333,105.9,76.08,90,100,7.87,VN,overcast clouds
583,Clara,53.3425,-7.6139,50.4,98,100,8.7,IE,moderate rain
584,Ginda,30.6945,78.4932,82.22,15,8,8.08,IN,clear sky
585,Formosa,-26.1775,-58.1781,53.55,91,17,4.12,AR,few clouds
586,Quartucciu,39.2519,9.1794,64.27,47,0,8.99,IT,clear sky
587,Wladyslawowo,54.7909,18.4009,50.94,58,26,6.13,PL,scattered clouds
588,Ankazoabo,-22.2833,44.5167,94.55,33,0,1.25,MG,clear sky
589,Anaconda,46.1285,-112.9423,27.59,88,52,9.89,US,broken clouds
590,Hecun,36.5333,114.1111,70.38,18,100,12.1,CN,overcast clouds
591,Grindavik,63.8424,-22.4338,43.27,93,75,12.66,IS,broken clouds
592,Kisaran,2.9845,99.6158,88.75,59,86,7.02,ID,overcast clouds
593,Kangaatsiaq,68.3065,-53.4641,-7.24,100,39,6.8,GL,scattered clouds
594,Luoyang,34.6836,112.4536,71.44,26,100,9.62,CN,overcast clouds
595,Dustlik,40.5247,68.0358,85.5,20,53,4.83,UZ,broken clouds
596,Boa Vista,2.8197,-60.6733,76.98,78,0,10.36,BR,clear sky
597,Padang,-0.9492,100.3543,89.65,78,66,4.07,ID,broken clouds
598,Chenzhou,25.8,113.0333,52.63,97,100,3.06,CN,light rain
599,Maragogi,-9.0122,-35.2225,76.8,90,80,5.03,BR,broken clouds
600,Sambava,-14.2667,50.1667,83.28,64,18,10.87,MG,few clouds
601,Xining,36.6167,101.7667,56.17,7,52,8.5,CN,broken clouds
602,Waingapu,-9.6567,120.2641,85.28,73,100,8.99,ID,overcast clouds
603,Villa Maria,-32.4075,-63.2402,50.83,89,88,6.08,AR,overcast clouds
604,Viedma,-40.8135,-62.9967,51.98,89,0,5.99,AR,clear sky
605,Omsukchan,62.5333,155.8,18.75,95,100,4.38,RU,overcast clouds
606,North Platte,41.1239,-100.7654,41.25,35,96,11.01,US,overcast clouds
607,Maniitsoq,65.4167,-52.9,15.89,63,66,3.87,GL,broken clouds
608,Deer Lake,49.1667,-57.4316,35.31,94,100,2.86,CA,overcast clouds
609,Pathein,16.7833,94.7333,99.14,36,24,18.21,MM,few clouds
610,Bathsheba,13.2167,-59.5167,77.5,78,30,18.12,BB,scattered clouds
611,Sfantu Gheorghe,45.8667,25.7833,34.93,73,100,7.92,RO,overcast clouds
612,Ambon,-3.6954,128.1814,84.34,79,40,6.91,ID,scattered clouds
613,Livingstone,-17.8419,25.8543,68.4,87,100,8.84,ZM,overcast clouds
614,Benxi,41.2886,123.765,70.12,14,61,12.21,CN,broken clouds
615,Bartica,6.4,-58.6167,73.72,98,97,0.2,GY,overcast clouds
616,Tadine,-21.55,167.8833,77.41,75,0,4.14,NC,clear sky
617,Turinsk,58.0458,63.696,38.41,54,90,10.22,RU,overcast clouds
618,Pingliang,35.5392,106.6861,58.26,20,93,15.28,CN,overcast clouds
619,Agadir,30.4202,-9.5982,72.05,24,100,4.27,MA,overcast clouds
620,San Juan,-31.5375,-68.5364,59.54,53,38,0.89,AR,scattered clouds
621,Vigrestad,58.5667,5.7,48.96,71,95,9.53,NO,overcast clouds
622,Fort Dodge,42.4975,-94.168,28.81,69,0,9.22,US,clear sky
623,Puerto Plata,19.7934,-70.6884,72.45,91,81,6.46,DO,broken clouds
624,Nong Phai,15.9903,101.0618,97.21,37,77,3.74,TH,broken clouds
625,Sibu,2.3,111.8167,84.38,78,98,3.71,MY,overcast clouds
626,Trail,49.0998,-117.7022,34.29,88,100,0.54,CA,overcast clouds
627,Preobrazheniye,42.9019,133.9064,47.57,50,23,11.32,RU,few clouds
628,Bambanglipuro,-7.95,110.2833,85.69,72,68,9.44,ID,broken clouds
629,Shalinskoye,55.7228,93.7594,61.57,51,11,16.8,RU,few clouds
630,Gazojak,41.1875,61.4036,69.08,38,100,18.61,TM,overcast clouds
631,Eureka,40.8021,-124.1637,40.93,82,100,2.64,US,overcast clouds
632,Harper,4.375,-7.7169,75.56,86,100,8.08,LR,overcast clouds
633,Opuwo,-18.0607,13.84,77.23,32,90,7.94,NA,overcast clouds
634,Puri,19.8,85.85,95.52,71,29,19.82,IN,scattered clouds
635,Kosonsoy,41.2561,71.5508,77.56,12,59,4.03,UZ,broken clouds
636,Porosozero,62.7191,32.727,38.7,74,100,8.88,RU,overcast clouds
637,Madison,34.7334,-86.5667,57.33,88,0,11.01,US,clear sky
638,Namibe,-15.1961,12.1522,75.81,70,56,5.57,AO,broken clouds
639,Yarensk,62.1675,49.0916,37.63,57,79,7.9,RU,broken clouds
640,Granby,45.4001,-72.7324,36.16,94,98,3.29,CA,overcast clouds
641,Kindu,-2.95,25.95,82.58,63,100,2.37,CD,overcast clouds
642,Mogadouro,41.3403,-6.7119,55.27,57,100,3.49,PT,overcast clouds
643,Yerbogachen,61.2767,108.0108,45.19,86,100,12.39,RU,overcast clouds
644,Alto Parana,-23.1289,-52.3189,54.81,88,0,6.44,BR,clear sky
645,Sao Raimundo Nonato,-9.0153,-42.6994,69.46,96,21,1.05,BR,few clouds
646,Buala,-8.145,159.5921,80.46,79,100,3.15,SB,overcast clouds
647,Tucumcari,35.1717,-103.725,53.44,32,0,13.8,US,clear sky
648,Roela,59.1667,26.5926,43.02,50,100,1.54,EE,overcast clouds
649,Qom,34.6401,50.8764,68.18,22,0,8.08,IR,clear sky
650,Cernay,47.8097,7.177,50.2,53,0,11.56,FR,clear sky
651,Surt,31.2089,16.5887,63.1,73,70,22.59,LY,broken clouds
652,Solnechnyy,50.7214,136.6319,31.28,90,100,9.17,RU,snow
653,Celestun,20.8667,-90.4,78.39,75,1,14.63,MX,clear sky
654,Krasnoselkup,65.7,82.4667,19.54,84,100,19.33,RU,overcast clouds
655,Hovd,48.0056,91.6419,57.43,11,0,9.35,MN,clear sky
656,Likasi,-10.9814,26.7333,69.69,87,82,7.31,CD,broken clouds
657,Sharjah,25.3573,55.4033,95.29,26,0,13.8,AE,clear sky
658,Sarapul,56.4763,53.7978,34.12,90,100,7.58,RU,snow
659,Superior,46.7208,-92.1041,28.29,80,100,8.05,US,overcast clouds
660,Bubaque,11.2833,-15.8333,75.72,61,19,11.25,GW,few clouds
661,Ndele,8.4109,20.6473,92.14,38,15,8.25,CF,few clouds
662,Ondo,7.1,4.8333,79.41,80,67,1.61,NG,broken clouds
663,Nybro,56.7446,15.9071,52.25,40,29,2.71,SE,scattered clouds
664,Qinggang,46.6833,126.0833,49.73,14,94,13.49,CN,overcast clouds
665,Sao Geraldo Do Araguaia,-6.4006,-48.555,71.53,98,99,2.35,BR,moderate rain
666,Lermontovka,47.1453,134.3383,48.11,36,100,10.58,RU,overcast clouds
667,Santa Helena De Goias,-17.8136,-50.5969,55.53,63,5,4.65,BR,clear sky
668,Maceio,-9.6658,-35.7353,76.44,94,20,4.61,BR,few clouds
669,Kambove,-10.8764,26.5969,67.77,90,95,7.54,CD,light rain
670,Varnamo,57.186,14.04,46.27,73,49,5.03,SE,scattered clouds
671,Krasnoarmeysk,51.0239,45.6969,55.92,57,100,12.08,RU,overcast clouds
672,Biak,-0.9131,122.8766,77.22,87,100,5.99,ID,moderate rain
673,Golfito,8.639,-83.166,74.46,93,95,2.15,CR,overcast clouds
674,Shagonar,51.5333,92.8,56.91,33,7,4.16,RU,clear sky
675,Xiazhen,34.8022,117.1117,66.87,28,100,8.99,CN,overcast clouds
676,Seoul,37.5683,126.9778,70.99,20,30,9.31,KR,scattered clouds
677,Hobbs,32.7026,-103.136,57.67,45,0,7.0,US,clear sky
678,Phan Thiet,10.9333,108.1,85.51,67,41,12.59,VN,scattered clouds
679,San Ramon,37.7799,-121.978,47.82,87,0,5.75,US,clear sky
680,Boende,-0.2167,20.8667,82.54,65,100,3.0,CD,overcast clouds
681,Bom Jesus,-9.0744,-44.3586,70.5,98,92,0.74,BR,overcast clouds
682,Gamba,-2.65,10.0,81.84,77,55,7.61,GA,broken clouds
683,Novo Aripuana,-5.1206,-60.3797,72.5,99,100,0.51,BR,overcast clouds
684,Rakovski,42.3,24.9667,52.05,92,100,2.71,BG,overcast clouds
685,Kilcullen,53.1303,-6.7444,50.79,91,100,9.01,IE,overcast clouds
686,Orimattila,60.8049,25.7296,45.66,61,100,4.9,FI,overcast clouds
687,Fare,-16.7,-151.0167,81.09,73,3,13.27,PF,light rain
688,Miandrivazo,-19.5167,45.4667,90.59,50,0,1.74,MG,clear sky
689,Virovitica,45.8319,17.3839,44.82,59,100,10.74,HR,overcast clouds
690,La Ronge,55.1001,-105.2842,24.42,96,100,5.12,CA,light snow
691,Kurilsk,45.2333,147.8833,37.89,73,65,13.11,RU,broken clouds
692,Fez,34.0372,-4.9998,61.05,67,0,3.44,MA,clear sky
693,Natal,-5.795,-35.2094,77.65,100,20,2.3,BR,few clouds
694,Porbandar,21.6422,69.6093,88.25,52,0,13.11,IN,clear sky
695,Zhuzhou,27.8333,113.15,52.21,92,100,5.79,CN,overcast clouds
696,Khuzdar,27.7384,66.6434,92.8,9,100,10.56,PK,overcast clouds
697,Hollola,61.05,25.4333,42.89,50,99,5.57,FI,overcast clouds
698,Kanturk,52.1667,-8.9,51.22,96,100,6.15,IE,moderate rain
699,Bridlington,54.0831,-0.1919,53.15,79,100,11.74,GB,overcast clouds
700,Whitianga,-36.8333,175.7,64.29,79,100,22.75,NZ,overcast clouds
701,Mayumba,-3.432,10.6554,80.67,81,82,8.46,GA,broken clouds
702,Katobu,-4.9408,122.5276,81.19,84,90,1.41,ID,overcast clouds
703,Samana,19.2056,-69.3369,72.95,89,17,7.07,DO,few clouds
704,Patos,-7.0244,-37.28,73.18,88,22,3.0,BR,few clouds
705,Honningsvag,70.9821,25.9704,38.95,87,100,17.27,NO,light intensity drizzle
706,Hadrut,39.52,47.0318,58.59,46,1,6.8,AZ,clear sky
707,Cangzhou,38.3167,116.8667,69.19,23,100,9.98,CN,overcast clouds
